{
    "rmse": 0.6915066206440452,
    "mae": 0.5465395111164768,
    "r2": 0.2309027531124399
}