{
    "rmse": 0.6785043608303841,
    "mae": 0.5311202608154679,
    "r2": 0.2553613883426269
}